{"initial_reset_timestamp": 1659460201.279504, "timestamps": [1659460202.9429693], "episode_lengths": [181], "episode_rewards": [121.0], "episode_types": ["t"]}